{
    "result": 1,
    "error_code": "",
    "error_message": "",
    "version": "1.1.0",
    "data": {
        "id": null,
        "card_id": null,
        "publish_status": 4,
        "card_type": {
            "large": null,
            "middle": null,
            "small": null
        },
        "collection": null,
        "rarity": {
            "id": null,
            "name": null
        },
        "illustrator": {
            "id": null,
            "name": null
        },
        "expansion": {
            "id": null,
            "name": null
        },
        "regulation": {
            "id": null,
            "name": null
        },
        "deck_group": {
            "id": null,
            "name": null
        },
        "copyright": null,
        "format": null,
        "evolution_mark": null,
        "p_evolution_type": {
            "gx": false,
            "ultrabeast": false
        },
        "p_ability_type": {},
        "p_other_type": {
            "prismstar": false
        },
        "before_evolution_pokemon": [],
        "name": null,
        "hp": null,
        "energy_type": {
            "Co": false,
            "Gr": false,
            "Fr": false,
            "Wa": false,
            "Li": false,
            "Ps": false,
            "Fg": false,
            "Da": false,
            "Me": false,
            "Fa": false,
            "Dr": false
        },
        "weakness": {
            "Co": false,
            "Gr": false,
            "Fr": false,
            "Wa": false,
            "Li": false,
            "Ps": false,
            "Fg": false,
            "Da": false,
            "Me": false,
            "Fa": false,
            "Dr": false
        },
        "resistance": {
            "type": null,
            "value": null
        },
        "retreat_cost": 1,
        "affiliation": {
            "id": null,
            "name": null
        },
        "pokedex": {
            "id": null,
            "pokedex_no": null,
            "pokedex_type": {
                "id": null,
                "name": null
            },
            "flavor": {
                "id": null,
                "flavor_kanji": null,
                "flavor_kana": null,
                "flavor_ver": "1.0"
            },
            "height": null,
            "weight": null
        },
        "card_image_id": null,
        "waza": {},
        "energy": {
            "id": null,
            "energy_total": null,
            "energy_text": null,
            "energy_memo": null,
            "energy_logic": null
        },
        "trainers": {
            "id": null,
            "trainers_text": null,
            "trainers_memo": null,
            "trainers_logic": null
        },
        "evolution_map": {
            "evolution_group_1": [
                null
            ],
            "evolution_group_2": [
                null
            ],
            "evolution_group_3": [],
            "evolution_group_3_5": []
        }
    }
}
