[
    [
        {
            "trigger": {
                "value": "tri-01",
                "label": "",
                "selected_value": "",
                "selected_body": "",
                "enabled": [
                    true,
                    false,
                    false,
                    false,
                    false,
                    false,
                    false,
                    false,
                    false,
                    false,
                    false,
                    false
                ],
                "input_value": "",
                "type": "toggle",
                "option": [
                    {
                        "value": "0101",
                        "body": "発動条件無し",
                        "end": "false"
                    },
                    {
                        "value": "0102",
                        "body": "Timing",
                        "end": "false"
                    },
                    {
                        "value": "0103",
                        "body": "Duration of the effect",
                        "end": "false"
                    },
                    {
                        "value": "0104",
                        "body": "Player's choice",
                        "end": "false"
                    },
                    {
                        "value": "0105",
                        "body": "Coin flip",
                        "end": "false"
                    },
                    {
                        "value": "0106",
                        "body": "Card trash",
                        "end": "false"
                    },
                    {
                        "value": "0107",
                        "body": "自分、もしくは相手のポケモン参照",
                        "end": "false"
                    },
                    {
                        "value": "0108",
                        "body": "おたがいのポケモン参照",
                        "end": "false"
                    },
                    {
                        "value": "0109",
                        "body": "行動参照",
                        "end": "false"
                    },
                    {
                        "value": "0110",
                        "body": "場の参照",
                        "end": "false"
                    },
                    {
                        "value": "0111",
                        "body": "事実参照",
                        "end": "false"
                    },
                    {
                        "value": "0112",
                        "body": "トラッシュ・手札・サイド・エネルギーゾーンの状況参照",
                        "end": "false"
                    }
                ],
                "children": [
                    []
                ]
            },
            "target": {
                "value": "tar-01",
                "label": "Targetの定義方法",
                "selected_value": "0101",
                "selected_body": "ターゲット予めロジックとして定義",
                "enabled": [],
                "input_value": "",
                "type": "selectbox",
                "option": [
                    {
                        "value": "0101",
                        "body": "ターゲット予めロジックとして定義",
                        "end": "false"
                    },
                    {
                        "value": "0102",
                        "body": "プレイヤーが選ぶ",
                        "end": "false"
                    },
                    {
                        "value": "0103",
                        "body": "コイントスの結果で対象が変わる",
                        "end": "false"
                    },
                    {
                        "value": "0104",
                        "body": "ランダムに選ぶ",
                        "end": "false"
                    }
                ],
                "children": [
                    [
                        {
                            "value": "tar-010101",
                            "label": "対象カードタイプ",
                            "selected_value": "01010101",
                            "selected_body": "ポケモンorプレーヤー",
                            "type": "selectbox",
                            "option": [
                                {
                                    "value": "01010101",
                                    "body": "ポケモンorプレーヤー",
                                    "end": "false"
                                },
                                {
                                    "value": "01010102",
                                    "body": "トレーナーズ",
                                    "end": "false"
                                },
                                {
                                    "value": "01010103",
                                    "body": "その他",
                                    "end": "false"
                                }
                            ],
                            "children": [
                                [
                                    {
                                        "value": "tar-01010101OP3",
                                        "label": "フィールドの選定",
                                        "selected_value": "01010101OP302",
                                        "selected_body": "ENEMY",
                                        "type": "selectbox",
                                        "option": [
                                            {
                                                "value": "01010101OP301",
                                                "body": "SELF"
                                            },
                                            {
                                                "value": "01010101OP302",
                                                "body": "ENEMY"
                                            },
                                            {
                                                "value": "01010101OP303",
                                                "body": "BOTH"
                                            },
                                            {
                                                "value": "01010101OP304",
                                                "body": "EITHER"
                                            }
                                        ],
                                        "children": [
                                            []
                                        ],
                                        "input_value": "",
                                        "enabled": []
                                    },
                                    {
                                        "value": "tar-0101010102",
                                        "label": "対象の選定",
                                        "selected_value": "010101010203",
                                        "selected_body": "Battle",
                                        "type": "selectbox",
                                        "option": [
                                            {
                                                "value": "010101010201",
                                                "body": "Player"
                                            },
                                            {
                                                "value": "010101010202",
                                                "body": "このポケモン"
                                            },
                                            {
                                                "value": "010101010203",
                                                "body": "Battle"
                                            },
                                            {
                                                "value": "010101010204",
                                                "body": "Bench"
                                            },
                                            {
                                                "value": "010101010205",
                                                "body": "Field"
                                            },
                                            {
                                                "value": "010101010206",
                                                "body": "Hand"
                                            },
                                            {
                                                "value": "010101010207",
                                                "body": "Deck"
                                            },
                                            {
                                                "value": "010101010208",
                                                "body": "Trash"
                                            }
                                        ],
                                        "children": [
                                            []
                                        ],
                                        "input_value": "",
                                        "enabled": []
                                    },
                                    {
                                        "value": "obj-01",
                                        "label": "",
                                        "type": "toggle",
                                        "enabled": [
                                            false,
                                            false,
                                            false,
                                            false,
                                            false,
                                            false,
                                            false,
                                            false,
                                            false,
                                            false,
                                            false,
                                            false,
                                            false,
                                            false,
                                            false,
                                            false,
                                            false,
                                            false,
                                            false
                                        ],
                                        "option": [
                                            {
                                                "value": "obj-0101",
                                                "body": "ポケモン名固有名称指定",
                                                "end": "false"
                                            },
                                            {
                                                "value": "obj-0102",
                                                "body": "特性/ポケパワーの有無",
                                                "end": "false"
                                            },
                                            {
                                                "value": "obj-0103",
                                                "body": "最大HPで指定",
                                                "end": "false"
                                            },
                                            {
                                                "value": "obj-0104",
                                                "body": "固有名称指定したワザの有無",
                                                "end": "false"
                                            },
                                            {
                                                "value": "obj-0105",
                                                "body": "ポケモンタイプ指定（e.g.「雷ポケモン」）",
                                                "end": "false"
                                            },
                                            {
                                                "value": "obj-0106",
                                                "body": "抵抗力のタイプ指定",
                                                "end": "false"
                                            },
                                            {
                                                "value": "obj-0107",
                                                "body": "通常進化ステータス",
                                                "end": "false"
                                            },
                                            {
                                                "value": "obj-0108",
                                                "body": "特殊進化ステータス",
                                                "end": "false"
                                            },
                                            {
                                                "value": "obj-0109",
                                                "body": "ポケモンの系統(e.g EX）",
                                                "end": "false"
                                            },
                                            {
                                                "value": "obj-0110",
                                                "body": "ポケモンの所属フラグ指定（e.g. 「マグマ団のポケモン」）",
                                                "end": "false"
                                            },
                                            {
                                                "value": "obj-0111",
                                                "body": "固有名称指定したポケモンからの進化可能な",
                                                "end": "false"
                                            },
                                            {
                                                "value": "obj-0112",
                                                "body": "☆の有無",
                                                "end": "false"
                                            },
                                            {
                                                "value": "obj-0113",
                                                "body": "逃げるエネルギーの有無",
                                                "end": "false"
                                            },
                                            {
                                                "value": "obj-0114",
                                                "body": "固有名称指定したポケモンからの進化している",
                                                "end": "false"
                                            },
                                            {
                                                "value": "obj-0115",
                                                "body": "覚醒ステータス",
                                                "end": "false"
                                            },
                                            {
                                                "value": "obj-0116",
                                                "body": "特殊状態の有無",
                                                "end": "false"
                                            },
                                            {
                                                "value": "obj-0117",
                                                "body": "残りHPが指定した状況にある",
                                                "end": "false"
                                            },
                                            {
                                                "value": "obj-0118",
                                                "body": "エネルギーの付帯状況で指定",
                                                "end": "false"
                                            },
                                            {
                                                "value": "obj-0119",
                                                "body": "ポケモンのどうぐの付帯状況で指定",
                                                "end": "false"
                                            }
                                        ],
                                        "children": [
                                            []
                                        ],
                                        "selected_body": "",
                                        "selected_value": "",
                                        "input_value": ""
                                    }
                                ]
                            ],
                            "input_value": "",
                            "enabled": []
                        }
                    ]
                ]
            },
            "effect": {
                "value": "eff-01",
                "label": "",
                "selected_value": "",
                "selected_body": "",
                "enabled": [
                    true,
                    false,
                    false,
                    false,
                    false,
                    false,
                    false,
                    false,
                    false,
                    false,
                    false,
                    false,
                    false
                ],
                "input_value": "",
                "type": "toggle",
                "option": [
                    {
                        "value": "0101",
                        "body": "記述無し",
                        "end": "true"
                    },
                    {
                        "value": "0102",
                        "body": "回復系",
                        "end": "false"
                    },
                    {
                        "value": "0103",
                        "body": "攻撃系",
                        "end": "false"
                    },
                    {
                        "value": "0104",
                        "body": "特殊効果",
                        "end": "false"
                    },
                    {
                        "value": "0105",
                        "body": "制限系",
                        "end": "false"
                    },
                    {
                        "value": "0106",
                        "body": "カード操作",
                        "end": "false"
                    },
                    {
                        "value": "0107",
                        "body": "プレイヤーに対する効果",
                        "end": "false"
                    },
                    {
                        "value": "0108",
                        "body": "ポケモン状態変化",
                        "end": "false"
                    },
                    {
                        "value": "0109",
                        "body": "ポケモン属性変化",
                        "end": "false"
                    },
                    {
                        "value": "0110",
                        "body": "エネルギー関連",
                        "end": "false"
                    },
                    {
                        "value": "0111",
                        "body": "防御力上昇",
                        "end": "false"
                    },
                    {
                        "value": "0112",
                        "body": "ルール変更",
                        "end": "false"
                    },
                    {
                        "value": "0113",
                        "body": "トリッキー",
                        "end": "false"
                    }
                ],
                "children": [
                    []
                ]
            },
            "kouka": false,
            "completed": true,
            "random": false
        }
    ]
]
