{
    "result": 1,
    "error_code": "",
    "error_message": "",
    "version": "1.0.0",
    "data": {
        "deck": {
            "id": null,
            "deck_name": null,
            "deck_total": null,
            "deck_card": [
                {
                    "card_id": null,
                    "card_type": {
                        "large": null,
                        "middle": null,
                        "small": null
                    },
                    "name": null,
                    "energy_type": null,
                    "value": null
                }
            ],
            "evolution_list": [
                {
                    "evolution_map": {
                        "evolution_group_1": [],
                        "evolution_group_2": [],
                        "evolution_group_3": [],
                        "evolution_group_3_5": []
                    }
                }
            ]
        }
    }
}
