{
	"id": "edb24ac9-9f59-4764-be8f-0f006e9e9d00",
	"name": "develop - localhost",
	"values": [
		{
			"key": "url",
			"value": "http://localhost:8081/api/",
			"description": "",
			"enabled": true
		},
		{
			"key": "url_v1",
			"value": "http://10.0.0.22:8081/api/v1/",
			"description": "",
			"enabled": true
		},
		{
			"key": "login_token",
			"value": "6e735c6e83b05bd9ec273592dbceff48b68db9291f3d0670db6a3f0aa21116ac",
			"description": "",
			"enabled": true
		},
		{
			"key": "url_v1_conditioning",
			"value": "http://localhost:8081/api/v1/conditioning/",
			"description": "",
			"enabled": true
		}
	],
	"_postman_variable_scope": "environment",
	"_postman_exported_at": "2018-11-13T12:17:35.237Z",
	"_postman_exported_using": "Postman/6.4.4"
}