{
	"id": "af140a73-54e3-41c7-974c-41ba68459503",
	"name": "production - aws",
	"values": [
		{
			"key": "url",
			"value": "https://api.aiwelljapan.com/api/",
			"description": "",
			"enabled": true
		},
		{
			"key": "url_v1",
			"value": "https://api.aiwelljapan.com/api/v1/",
			"description": "",
			"enabled": true
		},
		{
			"key": "login_token",
			"value": "5wVuheY1J36OKBSFrnB1I4komyJ62ShQy2mLGBCEm4hM06Yr3r2g27Hq26iDln8A\n",
			"description": "",
			"enabled": true
		}
	],
	"_postman_variable_scope": "environment",
	"_postman_exported_at": "2018-11-13T12:17:46.015Z",
	"_postman_exported_using": "Postman/6.4.4"
}